P-code,Binary,Quark,#clust,%id,affinity,affinity v1,status,H,E,C,M
3,11,V,25554,95,h,c,W,0.57,0.54,0.48,0.06
5,101,M,14472,90,e,e,W,0.36,0.74,0.48,0.09
7,111,VV,10768,95,E,E,S,0.29,1.05,0.19,0.06
9,1001,U,8908,95,h,h,W,0.81,0.43,0.41,0.10
11,1011,MV,6544,95,E,E,s,0.45,0.96,0.16,0.09
13,1101,VM,6137,95,e,E,s,0.47,0.90,0.21,0.13
15,1111,VVV,3955,95,E,E,S,0.14,1.33,0.06,0.04
17,10001,D,5306,95,h,H,s,0.89,0.43,0.31,0.18
19,10011,UV,4460,95,H,H,S,1.06,0.41,0.13,0.14
21,10101,MM,3791,95,E,E,s,0.31,1.08,0.20,0.15
23,10111,MVV,2463,95,E,E,S,0.36,1.16,0.04,0.08
25,11001,VU,4489,95,H,H,s,1.01,0.45,0.14,0.16
27,11011,VMV,2524,95,h,h,s,0.87,0.64,0.06,0.14
29,11101,VVM,2203,95,E,E,S,0.35,1.14,0.07,0.12
31,11111,VVVV,806,90,E,E,S,0.21,1.32,0.02,0.09
35,100011,DV,1972,95,h,h,w,0.79,0.57,0.19,0.31
37,100101,UM,1995,95,e,E,W,0.50,0.88,0.19,0.27
39,100111,UVV,1473,95,e,E,w,0.50,0.99,0.06,0.21
41,101001,MU,2217,95,e,E,W,0.46,0.91,0.20,0.27
43,101011,MMV,1593,95,E,E,S,0.32,1.19,0.07,0.13
45,101101,MVM,1304,95,E,E,S,0.27,1.24,0.08,0.14
47,101111,MVVV,708,95,E,E,S,0.11,1.45,0.02,0.08
49,110001,VD,2232,95,h,h,W,0.74,0.63,0.21,0.24
51,110011,VUV,1652,95,H,H,S,1.13,0.36,0.09,0.16
53,110101,VMM,1335,95,E,E,S,0.33,1.17,0.07,0.17
55,110111,VMVV,528,90,e,e,s,0.68,0.87,0.04,0.11
57,111001,VVU,1420,95,e,e,w,0.53,0.94,0.09,0.20
59,111011,VVMV,729,95,e,e,s,0.60,0.94,0.02,0.15
61,111101,VVVM,661,95,E,E,S,0.11,1.46,0.01,0.10
63,111111,VVVVV,184,95,E,E,S,0.19,1.39,0.00,0.07
69,1000101,DM,1281,95,e,h,W,0.67,0.69,0.17,0.35
71,1000111,DVV,608,95,e,e,W,0.38,0.93,0.15,0.52
73,1001001,UU,1376,95,h,h,s,0.96,0.45,0.12,0.27
75,1001011,UMV,644,95,E,E,w,0.43,1.02,0.09,0.30
77,1001101,UVM,923,95,h,h,W,0.76,0.74,0.06,0.22
79,1001111,UVVV,360,95,E,E,s,0.30,1.19,0.01,0.32
81,1010001,MD,1084,95,e,e,W,0.60,0.73,0.23,0.34
83,1010011,MUV,774,95,e,m,W,0.65,0.67,0.12,0.52
85,1010101,MMM,703,95,E,E,S,0.20,1.29,0.09,0.23
87,1010111,MMVV,335,95,E,E,S,0.31,1.18,0.03,0.30
89,1011001,MVU,965,95,e,e,W,0.66,0.84,0.06,0.22
91,1011011,MVMV,431,95,E,e,s,0.46,1.08,0.05,0.16
93,1011101,MVVM,338,90,E,E,S,0.37,1.25,0.02,0.05
95,1011111,MVVVV,88,90,E,E,S,0.16,1.50,0.00,0.00
99,1100011,VDV,645,95,e,m,W,0.62,0.72,0.11,0.47
101,1100101,VUM,926,95,e,h,W,0.68,0.76,0.08,0.32
103,1100111,VUVV,365,95,e,e,W,0.67,0.81,0.04,0.28
105,1101001,VMU,816,95,E,e,W,0.41,1.00,0.10,0.38
107,1101011,VMMV,414,95,E,E,S,0.25,1.21,0.04,0.36
109,1101101,VMVM,368,90,e,e,s,0.56,0.97,0.09,0.12
111,1101111,VMVVV,118,95,E,E,S,0.24,1.37,0.02,0.06
113,1110001,VVD,794,95,E,e,W,0.38,1.03,0.12,0.35
115,1110011,VVUV,456,95,e,e,W,0.66,0.82,0.03,0.30
117,1110101,VVMM,374,95,E,E,S,0.26,1.28,0.06,0.17
119,1110111,VVMVV,113,95,e,e,s,0.66,0.84,0.02,0.25
121,1111001,VVVU,440,95,E,e,S,0.19,1.30,0.04,0.31
123,1111011,VVVMV,125,90,E,E,S,0.22,1.33,0.00,0.23
125,1111101,VVVVM,159,95,E,E,S,0.10,1.55,0.00,0.02
137,10001001,DU,981,95,H,H,S,1.12,0.31,0.12,0.22
139,10001011,DMV,589,90,h,h,s,0.75,0.69,0.08,0.31
141,10001101,DVM,525,95,e,m,W,0.59,0.77,0.08,0.47
143,10001111,DVVV,245,95,E,e,s,0.28,1.18,0.02,0.42
145,10010001,UD,995,95,H,H,S,1.18,0.28,0.09,0.17
147,10010011,UUV,816,95,H,H,S,1.18,0.24,0.05,0.28
149,10010101,UMM,478,95,E,E,w,0.40,0.98,0.14,0.38
151,10010111,UMVV,262,95,e,e,w,0.47,0.87,0.02,0.58
153,10011001,UVU,1022,95,H,H,S,1.31,0.21,0.04,0.11
155,10011011,UVMV,482,90,H,H,S,1.07,0.46,0.01,0.14
157,10011101,UVVM,314,95,e,e,W,0.63,0.88,0.00,0.29
159,10011111,UVVVV,110,90,h,e,s,0.86,0.67,0.00,0.20
163,10100011,MDV,480,95,e,m,W,0.56,0.83,0.09,0.40
165,10100101,MUM,470,95,E,E,s,0.24,1.12,0.18,0.43
167,10100111,MUVV,267,95,e,m,w,0.38,0.95,0.04,0.61
169,10101001,MMU,578,90,E,e,W,0.35,1.10,0.11,0.31
171,10101011,MMMV,226,90,E,E,s,0.36,1.16,0.04,0.26
173,10101101,MMVM,220,95,E,e,S,0.20,1.32,0.03,0.31
175,10101111,MMVVV,72,90,E,E,S,0.24,1.25,0.00,0.39
177,10110001,MVD,585,95,e,h,W,0.73,0.75,0.05,0.26
179,10110011,MVUV,430,95,h,H,s,0.93,0.56,0.02,0.23
181,10110101,MVMM,227,95,E,E,S,0.11,1.34,0.03,0.44
183,10110111,MVMVV,106,85,e,e,W,0.70,0.89,0.00,0.12
185,10111001,MVVU,313,90,e,e,W,0.61,0.95,0.04,0.16
187,10111011,MVVMV,124,90,E,E,s,0.58,1.08,0.00,0.00
189,10111101,MVVVM,112,95,E,E,S,0.20,1.43,0.00,0.14
197,11000101,VDM,430,95,e,m,W,0.69,0.69,0.07,0.43
199,11000111,VDVV,248,95,E,M,W,0.33,1.09,0.04,0.45
201,11001001,VUU,739,95,H,e,S,1.15,0.31,0.04,0.22
203,11001011,VUMV,291,95,e,e,W,0.59,0.82,0.10,0.35
205,11001101,VUVM,300,95,h,h,s,0.94,0.53,0.03,0.27
207,11001111,VUVVV,100,90,e,m,s,0.47,0.88,0.00,0.59
209,11010001,VMD,570,95,e,h,W,0.69,0.80,0.07,0.22
211,11010011,VMUV,309,95,e,m,W,0.65,0.81,0.03,0.34
213,11010101,VMMM,202,95,E,E,s,0.44,1.15,0.03,0.12
215,11010111,VMMVV,90,95,E,e,s,0.35,1.19,0.06,0.21
217,11011001,VMVU,484,95,H,H,S,1.17,0.36,0.03,0.11
219,11011011,VMVMV,169,95,e,h,W,0.64,0.94,0.00,0.15
221,11011101,VMVVM,88,90,e,h,W,0.70,0.82,0.07,0.18
227,11100011,VVDV,311,95,e,M,W,0.33,1.00,0.03,0.62
229,11100101,VVUM,218,95,E,m,s,0.39,1.13,0.05,0.24
231,11100111,VVUVV,95,95,E,m,s,0.48,1.07,0.00,0.23
233,11101001,VVMU,340,95,E,E,W,0.27,1.22,0.00,0.38
235,11101011,VVMMV,83,95,E,E,S,0.23,1.23,0.04,0.41
237,11101101,VVMVM,109,95,E,m,s,0.45,1.15,0.00,0.14
241,11110001,VVVD,326,95,E,m,s,0.19,1.22,0.05,0.47
243,11110011,VVVUV,131,95,E,E,s,0.38,1.14,0.04,0.24
245,11110101,VVVMM,101,95,E,E,S,0.17,1.49,0.00,0.09
247,11110111,VVVMVV,33,95,E,,S,0.14,1.57,0.00,0.00
249,11111001,VVVVU,97,90,E,E,w,0.47,1.14,0.00,0.13
251,11111011,VVVVMV,50,85,E,,w,0.35,1.31,0.00,0.06
273,100010001,DD,519,95,H,H,S,1.14,0.30,0.04,0.24
275,100010011,DUV,474,95,H,H,S,1.18,0.25,0.06,0.23
277,100010101,DMM,305,95,e,h,W,0.65,0.77,0.12,0.32
279,100010111,DMVV,197,95,e,m,W,0.61,0.76,0.08,0.42
281,100011001,DVU,344,95,H,H,S,1.07,0.35,0.08,0.24
283,100011011,DVMV,238,90,h,h,S,0.94,0.53,0.00,0.25
285,100011101,DVVM,100,95,E,m,W,0.33,1.22,0.00,0.30
287,100011111,DVVVV,61,95,e,,W,0.41,0.85,0.00,0.72
291,100100011,UDV,315,95,H,h,S,0.97,0.37,0.16,0.33
293,100100101,UUM,296,95,e,m,W,0.67,0.69,0.09,0.43
295,100100111,UUVV,212,95,e,e,W,0.64,0.75,0.05,0.41
297,100101001,UMU,263,95,e,M,W,0.58,0.73,0.16,0.46
299,100101011,UMMV,223,95,e,m,W,0.30,0.99,0.09,0.63
301,100101101,UMVM,156,95,E,e,s,0.28,1.29,0.02,0.25
303,100101111,UMVVV,83,95,m,m,W,0.15,0.86,0.00,1.15
305,100110001,UVD,472,95,H,H,S,1.14,0.36,0.03,0.14
307,100110011,UVUV,335,95,H,H,S,1.26,0.23,0.03,0.12
309,100110101,UVMM,201,95,e,e,W,0.62,0.92,0.00,0.22
311,100110111,UVMVV,69,95,H,H,S,1.15,0.39,0.00,0.12
313,100111001,UVVU,171,90,e,e,W,0.71,0.74,0.08,0.29
315,100111011,UVVMV,105,95,h,H,s,0.93,0.66,0.00,0.08
317,100111101,UVVVM,69,95,E,,S,0.18,1.42,0.00,0.24
325,101000101,MDM,232,90,e,M,W,0.47,0.93,0.10,0.39
327,101000111,MDVV,133,95,e,m,s,0.22,1.05,0.02,0.72
329,101001001,MUU,302,95,h,m,W,0.66,0.63,0.12,0.51
331,101001011,MUMV,138,95,e,m,W,0.36,1.01,0.05,0.52
333,101001101,MUVM,129,90,e,m,W,0.65,0.76,0.05,0.38
335,101001111,MUVVV,75,95,E,m,S,0.19,1.38,0.00,0.29
337,101010001,MMD,305,95,e,m,W,0.50,0.94,0.13,0.31
339,101010011,MMUV,145,95,h,m,s,0.71,0.67,0.05,0.43
341,101010101,MMMM,114,95,E,m,s,0.29,1.10,0.06,0.50
343,101010111,MMMVV,53,95,e,,s,0.59,0.88,0.00,0.36
345,101011001,MMVU,172,95,e,e,W,0.67,0.78,0.02,0.35
347,101011011,MMVMV,56,95,e,,W,0.53,0.93,0.06,0.34
349,101011101,MMVVM,61,95,E,,w,0.51,1.11,0.00,0.13
355,101100011,MVDV,181,95,e,m,W,0.62,0.75,0.09,0.42
357,101100101,MVUM,133,95,h,m,W,0.69,0.67,0.05,0.45
359,101100111,MVUVV,78,90,h,m,s,0.80,0.57,0.00,0.46
361,101101001,MVMU,139,90,E,m,W,0.30,1.12,0.02,0.47
363,101101011,MVMMV,58,90,E,e,S,0.11,1.36,0.11,0.38
365,101101101,MVMVM,55,90,e,,W,0.56,0.94,0.06,0.25
369,101110001,MVVD,127,90,E,e,W,0.45,1.14,0.00,0.19
371,101110011,MVVUV,85,95,h,h,S,0.95,0.57,0.04,0.16
373,101110101,MVVMM,41,95,E,,s,0.45,1.18,0.08,0.07
377,101111001,MVVVU,40,95,E,,S,0.12,1.47,0.00,0.27
393,110001001,VDU,371,95,h,h,s,0.95,0.38,0.06,0.43
395,110001011,VDMV,206,95,h,m,s,0.75,0.62,0.08,0.40
397,110001101,VDVM,165,95,h,m,W,0.73,0.72,0.04,0.31
399,110001111,VDVVV,78,95,E,m,S,0.16,1.21,0.04,0.56
401,110010001,VUD,479,95,H,H,S,1.21,0.23,0.03,0.22
403,110010011,VUUV,311,95,H,H,S,1.26,0.19,0.01,0.21
405,110010101,VUMM,176,95,e,h,W,0.70,0.79,0.00,0.30
407,110010111,VUMVV,94,95,h,H,s,0.68,0.59,0.07,0.58
409,110011001,VUVU,334,95,H,H,S,1.29,0.18,0.04,0.16
411,110011011,VUVMV,136,95,H,H,S,1.36,0.16,0.05,0.06
413,110011101,VUVVM,102,95,e,h,W,0.75,0.75,0.03,0.24
419,110100011,VMDV,179,95,h,h,s,0.80,0.63,0.05,0.32
421,110100101,VMUM,137,95,e,M,W,0.25,1.08,0.05,0.60
423,110100111,VMUVV,101,95,e,m,W,0.41,0.88,0.03,0.62
425,110101001,VMMU,151,95,E,e,W,0.36,1.08,0.04,0.42
427,110101011,VMMMV,78,95,E,e,W,0.36,1.10,0.08,0.35
429,110101101,VMMVM,51,85,E,,S,0.24,1.26,0.00,0.38
433,110110001,VMVD,209,90,H,H,S,1.19,0.33,0.00,0.14
435,110110011,VMVUV,175,95,H,H,S,1.04,0.47,0.00,0.19
437,110110101,VMVMM,80,90,e,e,W,0.58,1.07,0.00,0.07
439,110110111,VMVMVV,32,95,h,,S,0.92,0.56,0.00,0.26
441,110111001,VMVVU,83,95,H,H,S,1.21,0.37,0.00,0.03
443,110111011,VMVVMV,33,95,H,,S,1.17,0.43,0.00,0.00
453,111000101,VVDM,142,95,E,m,W,0.35,1.10,0.02,0.42
455,111000111,VVDVV,85,95,E,M,W,0.26,1.16,0.00,0.51
457,111001001,VVUU,186,95,e,h,W,0.59,0.72,0.16,0.46
459,111001011,VVUMV,85,90,h,m,s,0.73,0.72,0.00,0.35
461,111001101,VVUVM,67,90,e,e,W,0.53,0.88,0.00,0.45
465,111010001,VVMD,127,90,E,m,W,0.42,1.03,0.05,0.39
467,111010011,VVMUV,83,95,h,h,S,0.90,0.50,0.00,0.40
469,111010101,VVMMM,53,95,E,,s,0.26,1.21,0.06,0.36
473,111011001,VVMVU,116,90,h,h,s,0.86,0.72,0.03,0.09
475,111011011,VVMVMV,35,95,E,,s,0.49,1.23,0.00,0.00
483,111100011,VVVDV,83,95,e,M,W,0.30,0.88,0.04,0.82
485,111100101,VVVUM,74,95,E,e,S,0.13,1.26,0.00,0.59
489,111101001,VVVMU,80,95,e,m,S,0.06,1.27,0.00,0.68
491,111101011,VVVMMV,37,95,E,,s,0.42,1.21,0.00,0.15
497,111110001,VVVVD,54,95,E,m,s,0.17,1.32,0.00,0.41
499,111110011,VVVVUV,31,95,h,,s,0.85,0.75,0.11,0.00
547,1000100011,DDV,180,95,h,m,S,0.93,0.35,0.04,0.47
549,1000100101,DUM,197,95,h,m,W,0.76,0.66,0.02,0.35
551,1000100111,DUVV,82,95,h,m,s,0.67,0.54,0.09,0.59
553,1000101001,DMU,158,90,e,M,W,0.66,0.67,0.07,0.46
555,1000101011,DMMV,91,95,e,m,W,0.42,0.78,0.00,0.75
557,1000101101,DMVM,87,90,e,m,W,0.49,0.98,0.13,0.28
561,1000110001,DVD,171,95,h,m,s,0.90,0.46,0.04,0.37
563,1000110011,DVUV,165,95,H,H,S,1.21,0.19,0.02,0.25
565,1000110101,DVMM,88,95,E,e,W,0.40,1.10,0.00,0.36
567,1000110111,DVMVV,48,90,h,,S,0.96,0.54,0.08,0.15
569,1000111001,DVVU,101,95,m,m,W,0.42,0.68,0.07,0.82
571,1000111011,DVVMV,52,90,e,,W,0.53,0.89,0.00,0.42
573,1000111101,DVVVM,55,65,E,e,S,0.14,1.49,0.00,0.26
581,1001000101,UDM,206,95,H,h,S,1.02,0.35,0.07,0.31
583,1001000111,UDVV,109,95,m,M,W,0.63,0.48,0.00,0.80
585,1001001001,UUU,206,95,h,m,s,0.94,0.30,0.09,0.50
587,1001001011,UUMV,72,90,m,M,W,0.45,0.67,0.10,0.78
589,1001001101,UUVM,132,95,h,h,S,0.94,0.46,0.00,0.33
591,1001001111,UUVVV,46,95,m,,W,0.50,0.69,0.00,0.74
593,1001010001,UMD,171,95,e,M,W,0.57,0.67,0.15,0.54
595,1001010011,UMUV,84,90,h,m,s,0.75,0.49,0.00,0.61
597,1001010101,UMMM,57,95,e,e,W,0.46,0.98,0.06,0.38
599,1001010111,UMMVV,52,90,e,m,w,0.47,1.00,0.00,0.37
601,1001011001,UMVU,110,95,h,H,s,0.95,0.56,0.00,0.20
603,1001011011,UMVMV,65,95,e,,W,0.33,0.83,0.06,0.78
605,1001011101,UMVVM,34,90,e,,W,0.45,0.87,0.00,0.57
611,1001100011,UVDV,111,90,h,m,S,0.87,0.27,0.03,0.68
613,1001100101,UVUM,174,95,H,m,s,1.01,0.38,0.00,0.32
615,1001100111,UVUVV,68,95,h,,s,0.63,0.60,0.05,0.61
617,1001101001,UVMU,108,95,h,m,W,0.67,0.65,0.03,0.49
619,1001101011,UVMMV,43,95,e,,W,0.50,0.91,0.09,0.40
621,1001101101,UVMVM,76,95,h,h,s,0.85,0.46,0.10,0.42
625,1001110001,UVVD,91,90,e,h,W,0.62,0.90,0.00,0.27
627,1001110011,UVVUV,41,55,h,,S,1.01,0.54,0.00,0.12
629,1001110101,UVVMM,38,95,e,,W,0.60,0.78,0.00,0.45
633,1001111001,UVVVU,55,95,E,,s,0.33,1.22,0.00,0.31
649,1010001001,MDU,185,95,h,M,s,0.65,0.60,0.08,0.55
651,1010001011,MDMV,94,95,e,M,W,0.33,0.99,0.00,0.62
653,1010001101,MDVM,104,95,e,M,W,0.43,0.98,0.00,0.47
655,1010001111,MDVVV,42,95,E,,s,0.29,1.19,0.00,0.40
657,1010010001,MUD,187,95,h,h,s,0.89,0.52,0.08,0.29
659,1010010011,MUUV,127,90,h,m,S,0.86,0.26,0.06,0.69
661,1010010101,MUMM,103,95,e,m,s,0.27,1.06,0.14,0.52
663,1010010111,MUMVV,45,95,m,,W,0.48,0.70,0.00,0.76
665,1010011001,MUVU,159,95,H,h,S,1.08,0.32,0.00,0.31
667,1010011011,MUVMV,48,90,H,h,S,0.96,0.43,0.00,0.35
669,1010011101,MUVVM,44,90,E,,w,0.38,1.18,0.00,0.28
675,1010100011,MMDV,105,95,e,M,W,0.51,0.85,0.00,0.51
677,1010100101,MMUM,99,95,E,m,s,0.22,1.26,0.11,0.37
679,1010100111,MMUVV,57,95,E,,s,0.38,1.07,0.00,0.43
681,1010101001,MMMU,108,95,e,m,W,0.52,0.88,0.00,0.45
683,1010101011,MMMMV,33,90,e,,S,0.14,1.13,0.11,0.66
685,1010101101,MMMVM,43,95,e,,s,0.57,1.04,0.00,0.17
689,1010110001,MMVD,107,95,e,m,W,0.37,0.99,0.07,0.50
691,1010110011,MMVUV,67,95,m,,W,0.66,0.53,0.00,0.69
693,1010110101,MMVMM,35,90,e,,S,0.18,1.17,0.00,0.62
709,1011000101,MVDM,112,95,e,M,W,0.53,0.86,0.00,0.46
711,1011000111,MVDVV,46,95,E,,s,0.40,1.05,0.00,0.42
713,1011001001,MVUU,81,55,h,m,s,0.83,0.44,0.09,0.48
715,1011001011,MVUMV,43,95,e,,W,0.64,0.65,0.00,0.56
717,1011001101,MVUVM,77,95,H,,S,1.11,0.41,0.00,0.13
721,1011010001,MVMD,72,90,e,M,W,0.45,0.88,0.00,0.57
723,1011010011,MVMUV,45,95,e,,W,0.24,0.91,0.16,0.76
725,1011010101,MVMMM,42,95,E,,S,0.22,1.41,0.00,0.23
729,1011011001,MVMVU,35,55,h,e,s,0.79,0.64,0.00,0.35
739,1011100011,MVVDV,50,90,e,,W,0.64,0.67,0.00,0.53
741,1011100101,MVVUM,52,95,E,,s,0.38,1.21,0.07,0.19
745,1011101001,MVVMU,31,65,e,,w,0.40,0.96,0.12,0.47
753,1011110001,MVVVD,42,95,e,,s,0.15,1.06,0.09,0.75
785,1100010001,VDD,161,95,h,h,S,0.97,0.28,0.07,0.48
787,1100010011,VDUV,132,95,H,H,S,1.06,0.37,0.06,0.24
789,1100010101,VDMM,89,90,e,M,W,0.60,0.69,0.00,0.57
791,1100010111,VDMVV,60,95,e,,W,0.66,0.84,0.00,0.28
793,1100011001,VDVU,119,95,h,h,s,0.76,0.44,0.06,0.61
795,1100011011,VDVMV,81,95,h,h,s,0.91,0.44,0.05,0.39
797,1100011101,VDVVM,40,95,e,,W,0.50,0.97,0.00,0.36
803,1100100011,VUDV,104,95,h,h,S,0.93,0.32,0.00,0.54
805,1100100101,VUUM,150,95,h,H,s,0.89,0.48,0.02,0.37
807,1100100111,VUUVV,64,95,h,m,s,0.69,0.64,0.06,0.46
809,1100101001,VUMU,105,95,e,M,W,0.48,0.78,0.00,0.65
811,1100101011,VUMMV,53,90,m,M,W,0.40,0.63,0.07,0.92
813,1100101101,VUMVM,42,90,m,,W,0.33,0.80,0.00,0.87
817,1100110001,VUVD,142,95,H,H,S,1.15,0.30,0.03,0.19
819,1100110011,VUVUV,68,90,H,H,S,1.08,0.41,0.00,0.18
821,1100110101,VUVMM,64,95,h,h,w,0.74,0.64,0.00,0.42
825,1100111001,VUVVU,40,95,h,,s,0.84,0.60,0.00,0.30
837,1101000101,VMDM,108,95,e,M,W,0.61,0.65,0.03,0.58
839,1101000111,VMDVV,43,95,m,,W,0.53,0.60,0.00,0.79
841,1101001001,VMUU,103,95,m,M,W,0.45,0.67,0.11,0.78
843,1101001011,VMUMV,47,95,m,,W,0.29,0.83,0.00,0.88
845,1101001101,VMUVM,50,90,e,,W,0.49,0.74,0.07,0.63
849,1101010001,VMMD,93,95,E,m,s,0.33,1.08,0.00,0.50
851,1101010011,VMMUV,33,90,h,,s,0.79,0.51,0.00,0.52
867,1101100011,VMVDV,51,95,e,,W,0.75,0.76,0.00,0.24
869,1101100101,VMVUM,48,95,h,,s,0.93,0.46,0.00,0.35
873,1101101001,VMVMU,46,95,e,,W,0.50,0.93,0.00,0.42
905,1110001001,VVDU,111,95,e,m,W,0.48,0.92,0.00,0.46
907,1110001011,VVDMV,57,95,e,,W,0.51,0.81,0.06,0.51
909,1110001101,VVDVM,47,95,e,,W,0.39,0.79,0.00,0.77
913,1110010001,VVUD,108,95,h,h,s,0.81,0.62,0.14,0.25
915,1110010011,VVUUV,76,95,h,M,S,0.75,0.51,0.00,0.58
917,1110010101,VVUMM,30,95,E,,S,0.20,1.30,0.12,0.32
921,1110011001,VVUVU,62,95,h,H,S,0.99,0.51,0.00,0.20
923,1110011011,VVUVMV,34,95,H,,S,1.17,0.33,0.00,0.14
931,1110100011,VVMDV,52,95,e,,W,0.44,0.96,0.00,0.47
933,1110100101,VVMUM,47,95,e,,w,0.42,0.95,0.00,0.52
937,1110101001,VVMMU,37,95,E,,w,0.37,1.05,0.00,0.46
945,1110110001,VVMVD,56,95,h,,s,0.88,0.70,0.00,0.13
965,1111000101,VVVDM,78,95,e,M,s,0.24,0.93,0.00,0.84
969,1111001001,VVVUU,77,95,e,,w,0.34,0.92,0.00,0.69
973,1111001101,VVVUVM,31,95,E,,W,0.49,1.14,0.00,0.16
977,1111010001,VVVMD,41,95,E,,W,0.26,1.27,0.00,0.36
1093,10001000101,DDM,152,85,e,m,W,0.54,0.83,0.03,0.46
1095,10001000111,DDVV,45,95,e,,W,0.44,0.90,0.09,0.48
1097,10001001001,DUU,145,95,H,H,S,1.10,0.24,0.06,0.30
1099,10001001011,DUMV,36,90,m,,W,0.55,0.48,0.00,0.85
1101,10001001101,DUVM,79,95,h,m,S,0.98,0.24,0.00,0.50
1105,10001010001,DMD,97,90,h,m,s,0.80,0.48,0.04,0.47
1107,10001010011,DMUV,42,95,m,,W,0.72,0.32,0.00,0.78
1109,10001010101,DMMM,54,90,e,,W,0.50,0.82,0.08,0.48
1113,10001011001,DMVU,115,95,H,H,S,0.96,0.34,0.00,0.42
1123,10001100011,DVDV,40,95,e,,W,0.72,0.72,0.00,0.33
1125,10001100101,DVUM,58,95,h,M,W,0.81,0.53,0.00,0.41
1129,10001101001,DVMU,60,95,m,M,W,0.45,0.61,0.14,0.76
1137,10001110001,DVVD,35,95,E,,W,0.39,1.16,0.00,0.31
1161,10010001001,UDU,185,95,H,H,S,1.19,0.25,0.02,0.18
1163,10010001011,UDMV,89,90,h,m,S,0.78,0.37,0.00,0.64
1165,10010001101,UDVM,71,95,h,h,S,0.87,0.38,0.00,0.49
1167,10010001111,UDVVV,37,95,m,,W,0.41,0.52,0.11,0.94
1169,10010010001,UUD,162,95,H,h,S,1.12,0.29,0.10,0.19
1171,10010010011,UUUV,99,95,H,h,S,1.05,0.20,0.00,0.44
1173,10010010101,UUMM,69,95,e,M,W,0.48,0.76,0.06,0.60
1177,10010011001,UUVU,150,95,H,H,S,1.21,0.06,0.00,0.36
1179,10010011011,UUVMV,49,95,H,,S,1.08,0.32,0.00,0.27
1181,10010011101,UUVVM,35,95,h,,s,0.69,0.50,0.00,0.62
1187,10010100011,UMDV,74,95,e,,W,0.57,0.70,0.17,0.47
1189,10010100101,UMUM,39,95,m,,W,0.23,0.79,0.00,0.95
1193,10010101001,UMMU,47,55,e,M,W,0.48,0.86,0.00,0.51
1197,10010101101,UMMVM,39,90,e,,W,0.39,0.89,0.00,0.61
1201,10010110001,UMVD,62,95,e,,W,0.49,0.97,0.00,0.39
1221,10011000101,UVDM,104,95,H,H,s,0.96,0.43,0.08,0.27
1223,10011000111,UVDVV,39,95,e,,W,0.47,0.69,0.11,0.67
1225,10011001001,UVUU,148,95,H,H,S,1.35,0.07,0.00,0.16
1227,10011001011,UVUMV,49,95,h,,S,0.99,0.20,0.00,0.53
1229,10011001101,UVUVM,60,95,H,,S,1.16,0.16,0.00,0.33
1233,10011010001,UVMD,81,90,H,H,S,1.05,0.36,0.00,0.27
1235,10011010011,UVMUV,31,95,h,,s,0.83,0.75,0.00,0.14
1241,10011011001,UVMVU,46,60,H,h,S,1.35,0.13,0.00,0.09
1251,10011100011,UVVDV,37,95,e,,W,0.61,0.73,0.00,0.47
1253,10011100101,UVVUM,37,90,e,,W,0.61,0.89,0.00,0.29
1265,10011110001,UVVVD,31,95,E,,W,0.39,1.25,0.00,0.21
1297,10100010001,MDD,100,95,h,M,s,0.60,0.58,0.21,0.54
1299,10100010011,MDUV,69,95,h,m,S,0.90,0.42,0.06,0.38
1301,10100010101,MDMM,55,95,e,,W,0.55,0.84,0.30,0.28
1303,10100010111,MDMVV,33,90,e,,W,0.46,0.94,0.00,0.46
1305,10100011001,MDVU,85,95,h,m,s,0.89,0.36,0.05,0.46
1307,10100011011,MDVMV,32,75,h,,S,0.80,0.36,0.00,0.61
1315,10100100011,MUDV,46,95,e,,W,0.49,0.97,0.00,0.38
1317,10100100101,MUUM,41,95,e,,W,0.55,0.71,0.10,0.53
1319,10100100111,MUUVV,33,95,e,,W,0.32,0.82,0.00,0.79
1321,10100101001,MUMU,64,95,e,M,s,0.31,0.94,0.13,0.61
1329,10100110001,MUVD,78,95,H,m,S,0.99,0.40,0.05,0.28
1331,10100110011,MUVUV,52,90,h,,s,0.73,0.52,0.08,0.50
1349,10101000101,MMDM,54,85,E,M,W,0.48,1.04,0.00,0.32
1351,10101000111,MMDVV,34,95,e,,s,0.27,0.85,0.00,0.83
1353,10101001001,MMUU,71,95,e,m,W,0.55,0.79,0.00,0.49
1361,10101010001,MMMD,64,90,e,,W,0.43,0.88,0.07,0.54
1363,10101010011,MMMUV,34,90,m,,W,0.40,0.51,0.00,1.02
1417,10110001001,MVDU,88,90,h,M,s,0.67,0.57,0.05,0.54
1425,10110010001,MVUD,101,95,H,h,S,1.05,0.25,0.00,0.39
1427,10110010011,MVUUV,36,95,H,,S,1.13,0.43,0.00,0.06
1433,10110011001,MVUVU,62,95,H,,S,1.29,0.09,0.00,0.21
1443,10110100011,MVMDV,45,90,E,,s,0.20,1.55,0.00,0.15
1457,10110110001,MVMVD,33,95,h,,S,0.92,0.59,0.00,0.20
1477,10111000101,MVVDM,36,90,e,,W,0.67,0.86,0.00,0.24
1571,11000100011,VDDV,81,95,h,M,W,0.67,0.64,0.00,0.48
1573,11000100101,VDUM,80,95,h,M,W,0.64,0.58,0.05,0.57
1577,11000101001,VDMU,66,95,e,M,W,0.44,0.76,0.00,0.69
1585,11000110001,VDVD,54,90,e,M,W,0.59,0.75,0.08,0.44
1587,11000110011,VDVUV,34,95,h,,S,0.80,0.23,0.00,0.77
1605,11001000101,VUDM,120,95,h,m,s,0.92,0.29,0.03,0.51
1607,11001000111,VUDVV,39,90,m,,W,0.58,0.35,0.11,0.89
1609,11001001001,VUUU,89,95,h,m,S,0.99,0.20,0.00,0.54
1611,11001001011,VUUMV,52,95,m,,W,0.49,0.63,0.00,0.75
1613,11001001101,VUUVM,34,90,H,,S,1.20,0.17,0.00,0.26
1617,11001010001,VUMD,61,95,h,M,s,0.72,0.70,0.07,0.32
1625,11001011001,VUMVU,44,95,h,,S,0.93,0.53,0.00,0.25
1635,11001100011,VUVDV,55,90,H,,S,0.99,0.25,0.00,0.47
1637,11001100101,VUVUM,56,90,H,H,S,1.30,0.14,0.00,0.16
1641,11001101001,VUVMU,30,95,h,,s,0.66,0.58,0.00,0.58
1673,11010001001,VMDU,106,90,h,m,s,0.87,0.62,0.04,0.21
1677,11010001101,VMDVM,40,90,e,,W,0.42,0.97,0.10,0.44
1681,11010010001,VMUD,69,95,h,,W,0.70,0.59,0.12,0.44
1683,11010010011,VMUUV,38,95,M,,W,0.56,0.20,0.00,1.15
1689,11010011001,VMUVU,55,95,m,,W,0.66,0.39,0.00,0.79
1701,11010100101,VMMUM,33,95,e,,W,0.50,0.70,0.00,0.66
1713,11010110001,VMMVD,30,95,e,,W,0.35,1.03,0.00,0.51
1733,11011000101,VMVDM,40,90,h,,s,0.91,0.39,0.00,0.44
1737,11011001001,VMVUU,63,95,H,,S,1.08,0.12,0.00,0.48
1745,11011010001,VMVMD,35,85,h,,S,0.82,0.39,0.00,0.56
1809,11100010001,VVDD,54,95,m,M,W,0.62,0.57,0.00,0.64
1833,11100101001,VVUMU,33,90,e,,s,0.23,1.11,0.00,0.59
1841,11100110001,VVUVD,36,90,e,,W,0.63,0.70,0.00,0.48
1861,11101000101,VVMDM,33,95,e,,W,0.46,0.94,0.13,0.40
1929,11110001001,VVVDU,51,95,m,,W,0.18,0.72,0.00,1.11
2185,100010001001,DDU,97,95,H,h,S,1.22,0.10,0.05,0.24
2187,100010001011,DDMV,48,95,H,,S,1.00,0.21,0.20,0.37
2189,100010001101,DDVM,32,65,h,,s,0.75,0.38,0.00,0.61
2193,100010010001,DUD,132,95,H,H,S,1.28,0.11,0.04,0.16
2195,100010010011,DUUV,70,95,H,H,S,1.20,0.09,0.00,0.31
2197,100010010101,DUMM,43,95,m,M,W,0.49,0.42,0.00,0.92
2201,100010011001,DUVU,88,95,H,H,S,1.27,0.11,0.00,0.18
2211,100010100011,DMDV,30,90,h,,s,0.80,0.40,0.00,0.52
2217,100010101001,DMMU,37,85,e,,W,0.69,0.76,0.00,0.32
2225,100010110001,DMVD,64,95,H,h,S,1.03,0.38,0.07,0.22
2227,100010110011,DMVUV,32,95,H,,S,1.21,0.25,0.00,0.12
2229,100010110101,DMVMM,50,95,H,,W,0.96,0.40,0.00,0.31
2245,100011000101,DVDM,31,90,e,,W,0.67,0.71,0.00,0.38
2249,100011001001,DVUU,61,80,H,,S,1.15,0.20,0.00,0.26
2257,100011010001,DVMD,60,95,H,,S,0.97,0.47,0.00,0.23
2265,100011011001,DVMVU,46,90,H,h,S,0.94,0.35,0.00,0.38
2321,100100010001,UDD,103,95,H,h,S,1.15,0.20,0.00,0.27
2323,100100010011,UDUV,53,65,H,h,S,1.13,0.11,0.00,0.37
2325,100100010101,UDMM,38,95,e,,W,0.67,0.69,0.00,0.41
2329,100100011001,UDVU,49,55,H,,S,1.22,0.21,0.00,0.16
2331,100100011011,UDVMV,34,90,H,,S,1.19,0.36,0.00,0.06
2339,100100100011,UUDV,40,95,h,,S,0.90,0.40,0.00,0.39
2341,100100100101,UUUM,42,95,m,,W,0.43,0.48,0.00,0.94
2353,100100110001,UUVD,103,95,H,H,S,1.13,0.20,0.00,0.29
2385,100101010001,UMMD,45,95,h,,s,0.86,0.31,0.00,0.52
2441,100110001001,UVDU,72,90,H,,S,1.02,0.39,0.00,0.25
2443,100110001011,UVDMV,31,95,h,,S,0.67,0.45,0.00,0.63
2445,100110001101,UVDVM,32,95,e,,W,0.51,0.69,0.00,0.61
2449,100110010001,UVUD,122,95,H,H,S,1.35,0.03,0.00,0.16
2451,100110010011,UVUUV,63,90,H,,S,1.40,0.10,0.00,0.03
2453,100110010101,UVUMM,43,95,H,,S,1.15,0.28,0.00,0.18
2457,100110011001,UVUVU,57,90,H,,S,1.28,0.21,0.00,0.07
2481,100110110001,UVMVD,41,95,H,,S,1.24,0.20,0.00,0.14
2483,100110110011,UVMVUV,34,95,H,,S,1.32,0.18,0.00,0.06
2595,101000100011,MDDV,32,95,h,,S,0.89,0.50,0.00,0.31
2597,101000100101,MDUM,53,95,m,,W,0.34,0.61,0.27,0.82
2601,101000101001,MDMU,42,95,e,,W,0.46,0.81,0.00,0.56
2609,101000110001,MDVD,33,55,m,,W,0.59,0.43,0.00,0.78
2611,101000110011,MDVUV,36,95,H,,S,1.04,0.39,0.00,0.22
2629,101001000101,MUDM,44,95,h,,s,0.81,0.46,0.00,0.45
2633,101001001001,MUUU,45,95,h,,s,0.66,0.45,0.11,0.61
2641,101001010001,MUMD,33,95,e,,W,0.59,0.73,0.14,0.42
2697,101010001001,MMDU,39,95,h,,s,0.65,0.52,0.00,0.61
2705,101010010001,MMUD,55,95,m,M,W,0.57,0.59,0.00,0.64
2707,101010010011,MMUUV,41,95,h,,s,0.80,0.49,0.00,0.43
2833,101100010001,MVDD,33,95,h,,s,0.77,0.37,0.00,0.60
2865,101100110001,MVUVD,33,90,H,,S,1.22,0.12,0.00,0.24
2961,101110010001,MVVUD,34,90,h,,S,0.66,0.47,0.00,0.64
3141,110001000101,VDDM,57,75,m,M,W,0.52,0.64,0.00,0.66
3209,110010001001,VUDU,94,90,H,H,S,1.18,0.21,0.05,0.19
3211,110010001011,VUDMV,30,95,h,,S,0.95,0.00,0.00,0.72
3213,110010001101,VUDVM,36,95,h,,S,0.79,0.34,0.00,0.60
3217,110010010001,VUUD,56,90,H,,S,1.17,0.14,0.00,0.28
3219,110010010011,VUUUV,44,95,H,,S,1.15,0.14,0.00,0.31
3225,110010011001,VUUVU,54,95,H,,S,1.30,0.22,0.00,0.04
3249,110010110001,VUMVD,32,95,H,,S,1.12,0.31,0.00,0.18
3273,110011001001,VUVUU,43,90,H,,S,1.32,0.05,0.00,0.18
3345,110100010001,VMDD,85,95,h,,S,0.90,0.38,0.06,0.39
3347,110100010011,VMDUV,39,90,h,,S,0.92,0.15,0.00,0.61
3353,110100011001,VMDVU,32,95,m,,W,0.61,0.57,0.00,0.61
3473,110110010001,VMVUD,32,95,H,,S,1.26,0.31,0.00,0.00
3857,111100010001,VVVDD,32,85,E,,W,0.09,1.64,0.00,0.25
4369,1000100010001,DDD,40,90,H,H,S,1.22,0.11,0.00,0.22
4371,1000100010011,DDUV,67,95,H,h,S,1.26,0.03,0.00,0.24
4401,1000100110001,DUVD,55,95,H,,S,1.21,0.11,0.00,0.23
4403,1000100110011,DUVUV,35,95,H,,S,1.31,0.00,0.00,0.21
4497,1000110010001,DVUD,42,95,H,,S,1.30,0.00,0.00,0.21
4505,1000110011001,DVUVU,53,90,H,,S,1.39,0.04,0.00,0.07
4645,1001000100101,UDUM,54,95,H,,s,0.90,0.35,0.20,0.33
4657,1001000110001,UDVD,36,95,H,,S,1.19,0.18,0.00,0.20
4677,1001001000101,UUDM,33,95,h,,W,0.89,0.57,0.00,0.22
4881,1001100010001,UVDD,31,95,H,,S,1.29,0.14,0.00,0.12
4899,1001100100011,UVUDV,30,95,H,,S,1.33,0.14,0.00,0.06
4913,1001100110001,UVUVD,33,95,H,,S,1.25,0.00,0.00,0.27
5257,1010010001001,MUDU,31,95,h,,S,0.90,0.54,0.00,0.23
5273,1010010011001,MUUVU,35,90,H,,S,0.97,0.30,0.00,0.36
6417,1100100010001,VUDD,31,95,H,,S,1.33,0.14,0.00,0.06
6419,1100100010011,VUDUV,33,95,H,,S,1.12,0.13,0.00,0.33
